<?xml version="1.0" encoding="UTF-8" standalone="yes"?>
<rtc:RtcProfile rtc:version="0.2" rtc:id="RTC:Keisuke TANAKA:Category:GUI:1.0.0" xmlns:rtcExt="http://www.openrtp.org/namespaces/rtc_ext" xmlns:rtcDoc="http://www.openrtp.org/namespaces/rtc_doc" xmlns:rtc="http://www.openrtp.org/namespaces/rtc" xmlns:xsi="http://www.w3.org/2001/XMLSchema-instance">
    <rtc:BasicInfo xsi:type="rtcExt:basic_info_ext" rtcExt:saveProject="GUI" rtc:updateDate="2011-08-24T17:30:35.607+09:00" rtc:creationDate="2011-08-24T17:30:35.607+09:00" rtc:version="1.0.0" rtc:vendor="Keisuke TANAKA" rtc:maxInstances="10" rtc:executionType="PeriodicExecutionContext" rtc:executionRate="1.0" rtc:description="GUI" rtc:category="Category" rtc:componentKind="DataFlowComponent" rtc:activityType="PERIODIC" rtc:componentType="STATIC" rtc:name="GUI"/>
    <rtc:Actions>
        <rtc:OnInitialize xsi:type="rtcDoc:action_status_doc" rtc:implemented="true"/>
        <rtc:OnFinalize xsi:type="rtcDoc:action_status_doc" rtc:implemented="false"/>
        <rtc:OnStartup xsi:type="rtcDoc:action_status_doc" rtc:implemented="false"/>
        <rtc:OnShutdown xsi:type="rtcDoc:action_status_doc" rtc:implemented="false"/>
        <rtc:OnActivated xsi:type="rtcDoc:action_status_doc" rtc:implemented="true"/>
        <rtc:OnDeactivated xsi:type="rtcDoc:action_status_doc" rtc:implemented="true"/>
        <rtc:OnAborting xsi:type="rtcDoc:action_status_doc" rtc:implemented="false"/>
        <rtc:OnError xsi:type="rtcDoc:action_status_doc" rtc:implemented="false"/>
        <rtc:OnReset xsi:type="rtcDoc:action_status_doc" rtc:implemented="false"/>
        <rtc:OnExecute xsi:type="rtcDoc:action_status_doc" rtc:implemented="true"/>
        <rtc:OnStateUpdate xsi:type="rtcDoc:action_status_doc" rtc:implemented="false"/>
        <rtc:OnRateChanged xsi:type="rtcDoc:action_status_doc" rtc:implemented="false"/>
        <rtc:OnAction xsi:type="rtcDoc:action_status_doc" rtc:implemented="false"/>
        <rtc:OnModeChanged xsi:type="rtcDoc:action_status_doc" rtc:implemented="false"/>
    </rtc:Actions>
    <rtc:DataPorts xsi:type="rtcExt:dataport_ext" rtcExt:position="LEFT" rtcExt:variableName="db" rtc:unit="" rtc:subscriptionType="" rtc:dataflowType="" rtc:interfaceType="" rtc:idlFile="" rtc:type="RTC::TimedString" rtc:name="db" rtc:portType="DataInPort"/>
    <rtc:DataPorts xsi:type="rtcExt:dataport_ext" rtcExt:position="LEFT" rtcExt:variableName="mouse" rtc:unit="" rtc:subscriptionType="" rtc:dataflowType="" rtc:interfaceType="" rtc:idlFile="" rtc:type="RTC::TimedLong" rtc:name="mouse" rtc:portType="DataInPort"/>
    <rtc:DataPorts xsi:type="rtcExt:dataport_ext" rtcExt:position="LEFT" rtcExt:variableName="x" rtc:unit="" rtc:subscriptionType="" rtc:dataflowType="" rtc:interfaceType="" rtc:idlFile="" rtc:type="RTC::TimedLong" rtc:name="x" rtc:portType="DataInPort"/>
    <rtc:DataPorts xsi:type="rtcExt:dataport_ext" rtcExt:position="LEFT" rtcExt:variableName="y" rtc:unit="" rtc:subscriptionType="" rtc:dataflowType="" rtc:interfaceType="" rtc:idlFile="" rtc:type="RTC::TimedLong" rtc:name="y" rtc:portType="DataInPort"/>
    <rtc:DataPorts xsi:type="rtcExt:dataport_ext" rtcExt:position="LEFT" rtcExt:variableName="center" rtc:unit="" rtc:subscriptionType="" rtc:dataflowType="" rtc:interfaceType="" rtc:idlFile="" rtc:type="RTC::TimedString" rtc:name="center" rtc:portType="DataInPort"/>
    <rtc:DataPorts xsi:type="rtcExt:dataport_ext" rtcExt:position="RIGHT" rtcExt:variableName="operation" rtc:unit="" rtc:subscriptionType="" rtc:dataflowType="" rtc:interfaceType="" rtc:idlFile="" rtc:type="RTC::TimedString" rtc:name="operation" rtc:portType="DataOutPort"/>
    <rtc:DataPorts xsi:type="rtcExt:dataport_ext" rtcExt:position="RIGHT" rtcExt:variableName="update" rtc:unit="" rtc:subscriptionType="" rtc:dataflowType="" rtc:interfaceType="" rtc:idlFile="" rtc:type="RTC::TimedString" rtc:name="update" rtc:portType="DataOutPort"/>
    <rtc:Language xsi:type="rtcExt:language_ext" rtc:kind="C++"/>
</rtc:RtcProfile>
